<?xml version="1.0" encoding="UTF-8"?>
<project-private xmlns="http://www.netbeans.org/ns/project-private/1">
    <editor-bookmarks xmlns="http://www.netbeans.org/ns/editor-bookmarks/2" lastBookmarkId="0"/>
    <open-files xmlns="http://www.netbeans.org/ns/projectui-open-files/2">
        <group>
            <file>file:/C:/Users/Chen/Documents/NetBeansProjects/neuron/src/neuron/HiddenLayer.java</file>
            <file>file:/C:/Users/Chen/Documents/NetBeansProjects/neuron/src/neuron/NeuralNetTest.java</file>
            <file>file:/C:/Users/Chen/Documents/NetBeansProjects/neuron/src/neuron/Neuron.java</file>
            <file>file:/C:/Users/Chen/Documents/NetBeansProjects/neuron/src/neuron/InputLayer.java</file>
            <file>file:/C:/Users/Chen/Documents/NetBeansProjects/neuron/src/neuron/NeuralNet.java</file>
            <file>file:/C:/Users/Chen/Documents/NetBeansProjects/neuron/src/neuron/Layer.java</file>
            <file>file:/C:/Users/Chen/Documents/NetBeansProjects/neuron/src/neuron/OutputLayer.java</file>
        </group>
    </open-files>
</project-private>
