<?xml version="1.0" encoding="UTF-8"?>
<project-private xmlns="http://www.netbeans.org/ns/project-private/1">
    <editor-bookmarks xmlns="http://www.netbeans.org/ns/editor-bookmarks/2" lastBookmarkId="0"/>
    <open-files xmlns="http://www.netbeans.org/ns/projectui-open-files/2">
        <group>
            <file>file:/C:/Users/1896217/Documents/NetBeansProjects/CompanyManagement/src/companymanagement/Order.java</file>
            <file>file:/C:/Users/1896217/Documents/NetBeansProjects/CompanyManagement/src/companymanagement/Individual.java</file>
            <file>file:/C:/Users/1896217/Documents/NetBeansProjects/CompanyManagement/src/companymanagement/Product.java</file>
            <file>file:/C:/Users/1896217/Documents/NetBeansProjects/CompanyManagement/src/companymanagement/Customer.java</file>
            <file>file:/C:/Users/1896217/Documents/NetBeansProjects/CompanyManagement/src/companymanagement/CompanyManagement.java</file>
            <file>file:/C:/Users/1896217/Documents/NetBeansProjects/CompanyManagement/src/companymanagement/Business.java</file>
        </group>
    </open-files>
</project-private>
